,time,dist,jdif_Mg2,jdif_H,jdif_Cl,jact_Mg2,jact_H,jact_Cl,jmig_Mg2,jmig_H,jmig_Cl,jtot_Mg2,jtot_H,jtot_Cl
1442,43200,0.0005,,,,,,,,,,,,
1443,43200,0.0015,-6.299999999999306e-11,2.1711500000000106e-09,1.8099999999957816e-10,-3.458694476449832e-12,,-0.0,-3.369870093164325e-10,-2.3045135685607093e-10,1.0163790232995647e-09,-4.0344570379287536e-10,,1.197379023299143e-09
1444,43200,0.0025,-0.0,2.1971000000000366e-09,3.6199999999996013e-10,-0.0,,-0.0,-3.408479238941297e-10,-2.324973878859424e-10,1.027925925522279e-09,-3.408479238941297e-10,,1.3899259255222392e-09
1445,43200,0.0035,-6.299999999999306e-11,2.231699999999951e-09,3.6199999999996013e-10,-0.0,,-0.0,-3.4741728153938876e-10,-2.3633953122757264e-10,1.0475331853974165e-09,-4.104172815393818e-10,,1.4095331853973765e-09
1446,43200,0.0045,-0.0,2.2922500000000114e-09,1.8100000000038197e-10,-3.4589965899092182e-12,,-0.0,-3.5654671326278167e-10,-2.419015452107321e-10,1.0750090556699208e-09,-3.6000570985269087e-10,,1.2560090556703028e-09
1447,43200,0.0055,-6.299999999999306e-11,2.3700999999999693e-09,3.6199999999996013e-10,-0.0,,-0.0,-3.6825722752186237e-10,-2.4912915038633924e-10,1.1101001689865785e-09,-4.3125722752185543e-10,,1.4721001689865386e-09
1448,43200,0.0065,-0.0,2.4652500000000645e-09,3.6199999999996013e-10,-0.0,,-0.0,-3.8257640165799216e-10,-2.580678891707808e-10,1.1531550003937922e-09,-3.8257640165799216e-10,,1.5151550003937523e-09
1449,43200,0.0075,-6.299999999999306e-11,2.5690500000000483e-09,3.6199999999996013e-10,-3.459644521788532e-12,,-0.0,-3.995798252187088e-10,-2.6869626002654986e-10,1.2041712714339443e-09,-4.660394697404904e-10,,1.5661712714339044e-09
1450,43200,0.0085,-0.0,2.6901500000000495e-09,3.6199999999996013e-10,-0.0,,-0.0,-4.190897792222695e-10,-2.809212547820797e-10,1.2628459902334762e-09,-4.190897792222695e-10,,1.6248459902334363e-09
1451,43200,0.0095,-6.299999999999306e-11,2.8371999999999562e-09,3.6199999999996013e-10,-3.4599466156835036e-12,,-6.100214850992773e-12,-4.4133831435225243e-10,-2.9481187942282603e-10,1.3296279914484423e-09,-5.07798260967929e-10,,1.6855277765974096e-09
1452,43200,0.0105,-0.0,2.992899999999992e-09,3.6199999999996013e-10,-0.0,,-0.0,-4.661897933829441e-10,-3.1030575298718564e-10,1.404364625583341e-09,-4.661897933829441e-10,,1.766364625583301e-09
1453,43200,0.0115,-6.299999999999306e-11,3.1658999999999247e-09,5.430000000003421e-10,-3.4602487018249543e-12,,-0.0,-4.936855449181586e-10,-3.273349638444757e-10,1.4868324246674664e-09,-5.601457936199767e-10,,2.0298324246678086e-09
1454,43200,0.0125,-6.299999999999306e-11,3.356199999999995e-09,3.6199999999996013e-10,-0.0,,-0.0,-5.236824101856549e-10,-3.4579555924812194e-10,1.5768660070695174e-09,-5.866824101856479e-10,,1.9388660070694775e-09
1455,43200,0.0135,-0.0,3.5724500000000914e-09,5.429999999995383e-10,-3.460550780414409e-12,,-0.0,-5.565248640459444e-10,-3.659051384283689e-10,1.6755186220661742e-09,-5.599854148263588e-10,,2.2185186220657123e-09
1456,43200,0.0145,-6.299999999999306e-11,3.7886999999999474e-09,5.430000000003421e-10,-0.0,,-0.0,-5.920219250555977e-10,-3.8742619695099603e-10,1.7819559099413129e-09,-6.550219250555907e-10,,2.324955909941655e-09
1457,43200,0.0155,-6.299999999999306e-11,4.03089999999995e-09,5.430000000003421e-10,-3.461198659967947e-12,,-0.0,-6.30022194657968e-10,-4.102391248521084e-10,1.8958740620158084e-09,-6.96483393317929e-10,,2.4388740620161508e-09
1458,43200,0.0165,-6.299999999999306e-11,4.299050000000098e-09,5.429999999995383e-10,-0.0,,-6.094626378596575e-12,-6.705264210174994e-10,-4.34284331843266e-10,2.0172698540571856e-09,-7.335264210174925e-10,,2.554175227678127e-09
1459,43200,0.0175,-6.300000000013295e-11,4.558549999999997e-09,5.430000000003421e-10,-3.4618465230977025e-12,,-0.0,-7.135353522986361e-10,-4.595153900257762e-10,2.1461400618329674e-09,-7.799971988218667e-10,,2.6891400618333093e-09
1460,43200,0.0185,-6.299999999999306e-11,4.852649999999931e-09,7.239999999999203e-10,-3.4621485700034823e-12,,-0.0,-7.590497366658194e-10,-4.85857909983079e-10,2.2823725537024685e-09,-8.25511885235816e-10,,3.0063725537023887e-09
1461,43200,0.0195,-6.299999999999306e-11,5.155399999999994e-09,7.239999999999203e-10,-0.0,,-0.0,-8.070703222834892e-10,-5.132457613215248e-10,2.4260592561161565e-09,-8.700703222834823e-10,,3.1500592561160766e-09
1462,43200,0.0205,-6.299999999999306e-11,5.4754499999999534e-09,7.239999999999203e-10,-3.4627964047893177e-12,,-6.090200887183395e-12,-8.56598908152069e-10,-5.409711882369712e-10,2.574193894709995e-09,-9.230617045568514e-10,,3.2921036938227316e-09
1463,43200,0.0215,-6.299999999999306e-11,5.812800000000051e-09,7.239999999999203e-10,-3.4630984320843156e-12,,-0.0,-9.091345165491463e-10,-5.699040144495636e-10,2.73127599338378e-09,-9.755976149812237e-10,,3.4552759933837e-09
1464,43200,0.0225,-6.299999999999306e-11,6.1501500000000284e-09,9.050000000003022e-10,-3.463400451724645e-12,,-0.0,-9.631793222602378e-10,-5.990286574965037e-10,2.892661009425726e-09,-1.0296427227119556e-09,,3.797661009426028e-09
1465,43200,0.0235,-1.2599999999998612e-10,6.513450000000031e-09,9.049999999994984e-10,-3.464048246083102e-12,,-6.08606620224923e-12,-1.018835474670603e-09,-6.282589934373889e-10,3.058468597685644e-09,-1.1482995229166721e-09,,3.957382531482893e-09
1466,43200,0.0245,-6.299999999999306e-11,6.885399999999923e-09,1.0859999999998804e-09,-3.4643502460714034e-12,,-0.0,-1.0744065358450043e-09,-6.566003681460804e-10,3.2240426082148026e-09,-1.1408708860910687e-09,,4.310042608214683e-09
1467,43200,0.0255,-6.299999999999306e-11,7.266000000000064e-09,1.0860000000006843e-09,-6.929260692318364e-12,,-0.0,-1.131487991396531e-09,-6.849035671307122e-10,3.3940185558740616e-09,-1.2014172520888425e-09,,4.4800185558747454e-09
1468,43200,0.0265,-6.299999999999306e-11,7.663899999999981e-09,1.0859999999998804e-09,-3.4649104353454525e-12,,-6.080768767657495e-12,-1.18758117159675e-09,-7.115774444288586e-10,3.5608990970536063e-09,-1.2540460820320884e-09,,4.640818328285829e-09
1469,43200,0.0275,-6.299999999999306e-11,8.05314999999989e-09,1.4479999999998405e-09,-6.930381028260644e-12,,-0.0,-1.2426857771798836e-09,-7.365957916817463e-10,3.7243305692752206e-09,-1.3126161582081374e-09,,5.172330569275061e-09
1470,43200,0.0285,-6.299999999999306e-11,8.459700000000177e-09,1.4479999999998405e-09,-6.930897372009298e-12,,-6.076052858084617e-12,-1.2938019679960802e-09,-7.581514305826376e-10,3.875655550082888e-09,-1.3637328653680826e-09,,5.317579497224644e-09
1471,43200,0.0295,-0.0,8.866249999999984e-09,1.6290000000002224e-09,-6.9307222077989406e-12,,-6.073371971632427e-12,-1.3407947751798638e-09,-7.762754865537009e-10,4.014695631946084e-09,-1.3477254973876628e-09,,5.637622259974673e-09
1472,43200,0.0305,-0.0,9.281450000000038e-09,2.171999999999761e-09,-1.039575489815514e-11,,-6.0698190415817404e-12,-1.3797888066727918e-09,-7.887112124017703e-10,4.129081082781309e-09,-1.390184561570947e-09,,6.295011263739488e-09
1473,43200,0.0315,6.299999999999306e-11,9.687999999999845e-09,2.3530000000001427e-09,-1.3859010679991839e-11,,-6.06597548989723e-12,-1.4091436869952075e-09,-7.94760378276984e-10,4.214721927863263e-09,-1.3600026976752063e-09,,6.5616559523735085e-09
1474,43200,0.0325,1.2599999999998612e-10,1.009455000000001e-08,2.895999999999681e-09,-1.731932143161034e-11,,-1.2122455478531737e-11,-1.423855692353677e-09,-7.918337565277942e-10,4.256309224779995e-09,-1.3151750137853012e-09,,7.1401867693011434e-09
1475,43200,0.0335,2.5199999999997225e-10,1.048380000000004e-08,3.439000000000023e-09,-2.077344546453959e-11,,-1.2111151816468715e-11,-1.420789415201301e-09,-7.786413268106871e-10,4.244967736259053e-09,-1.1895628606658683e-09,,7.671856584442607e-09
1476,43200,0.0345,3.7800000000009827e-10,1.0873049999999949e-08,4.344000000000325e-09,-2.767888723769647e-11,,-1.2096941833859256e-11,-1.3919788993274733e-09,-7.513094806873082e-10,4.156587654911991e-09,-1.0416577865650715e-09,,8.488490713078456e-09
1477,43200,0.0355,5.039999999999445e-10,1.1236350000000072e-08,5.430000000000206e-09,-3.802349036021254e-11,,-1.8118770308092342e-11,-1.3324979307749958e-09,-7.078998610914869e-10,3.976412815072983e-09,-8.665214211352639e-10,,9.388294044765096e-09
1478,43200,0.0365,7.433999999999741e-10,1.1582349999999939e-08,6.6969999999996645e-09,-4.487703513362083e-11,,-3.0142895207825274e-11,-1.2352546986926964e-09,-6.456477395589642e-10,3.684003660659608e-09,-5.367317338263431e-10,,1.0350860765451448e-08
1479,43200,0.0375,1.033200000000054e-09,1.1893750000000008e-08,8.50700000000027e-09,-5.857791830314836e-11,,-3.007299273238475e-11,-1.0899556773618077e-09,-5.603234006349011e-10,3.248633041191628e-09,-1.1533359566490209e-10,,1.1725560048459512e-08
1480,43200,0.0385,1.3922999999998886e-09,1.2170550000000045e-08,1.0497999999999647e-08,-7.562012541497659e-11,,-4.1981512386034594e-11,-8.884972981918535e-10,-4.4914840217892624e-10,2.646624844373852e-09,4.2818257639305855e-10,,1.3102643331987465e-08
1481,43200,0.0395,1.8396000000000911e-09,1.2421399999999938e-08,1.3213000000000553e-08,-9.593112495258503e-11,,-5.3780718814338105e-11,-6.201232059764729e-10,-3.082428010957962e-10,1.846083672824271e-09,1.1235456690710332e-09,,1.5005302954010487e-08
1482,43200,0.0405,2.3876999999999747e-09,1.2620350000000015e-08,1.6289999999999814e-08,-1.1940841549305072e-10,,-6.543734413872089e-11,-2.751053925481676e-10,-1.3448247130733828e-10,8.1852042330124e-10,1.9931861919587563e-09,,1.7043083079162332e-08
1483,43200,0.0415,3.049199999999972e-09,1.2767400000000044e-08,2.0090999999999796e-08,-1.4930401040337273e-10,,-8.282135148228637e-11,1.569940286349486e-10,7.550527492802669e-11,-4.668573991203962e-10,3.056890018231548e-09,,1.954132124939711e-08
1484,43200,0.0425,3.836700000000095e-09,1.2862550000000018e-08,2.4797000000000083e-08,-1.8198981050120646e-10,,-1.0575017641930979e-10,6.860092901279617e-10,3.248232415758396e-10,-2.038902519456378e-09,4.340719479626851e-09,,2.26523473041244e-08
1485,43200,0.0435,4.769099999999908e-09,1.2888499999999924e-08,3.0045999999999904e-08,-2.238828862878239e-10,,-1.223372564683922e-10,1.3188198687254262e-09,6.154226399195003e-10,-3.917860466643495e-09,5.86403698243751e-09,,2.6005802276888017e-08
1486,43200,0.0445,5.833800000000029e-09,1.2862550000000018e-08,3.6381000000000007e-08,-2.711357152766797e-10,,-1.499100331885541e-10,2.0609290376192502e-09,9.49095770382437e-10,-6.119540082427327e-09,7.623593322342599e-09,,3.0111549884384126e-08
1487,43200,0.0455,7.0623000000000326e-09,1.2758750000000035e-08,4.3259000000000057e-08,-3.198969989318327e-10,,-1.7653429161642e-10,2.9149040083763444e-09,1.3271289346933578e-09,-8.652044794474231e-09,9.657307009444543e-09,,3.44304209139094e-08
1488,43200,0.0465,8.429399999999968e-09,1.2603049999999998e-08,5.1042e-08,-3.792395792843844e-10,,-2.0759874318016458e-10,3.879083940725676e-09,1.7499061739934877e-09,-1.1510638635169248e-08,1.192924436144126e-08,,3.932376262165059e-08
1489,43200,0.0475,9.94140000000001e-09,1.2369499999999946e-08,5.972999999999985e-08,-4.4164567477372587e-10,,-2.480682586851999e-10,4.9461429381251764e-09,2.2167680607744346e-09,-1.4673870714175409e-08,1.444589726335146e-08,,4.480806102713924e-08
1490,43200,0.0485,1.1579399999999971e-08,1.2066750000000062e-08,6.896100000000004e-08,-5.060605760923892e-10,,-2.7536831464289914e-10,6.1061028760463615e-09,2.7275739005949066e-09,-1.8113788082287627e-08,1.7179442299953944e-08,,5.0571843603069516e-08
1491,43200,0.0495,1.331820000000003e-08,1.170344999999994e-08,7.891600000000014e-08,-5.712838626845883e-10,,-3.214616223813401e-10,7.339706873093766e-09,3.2799094821004302e-09,-2.17739493319057e-08,2.0086623010409206e-08,,5.682058904571309e-08
1492,43200,0.0505,1.5138900000000068e-08,1.1270949999999988e-08,8.941399999999978e-08,-6.447119437434393e-10,,-3.5350209848908887e-10,8.625162790907128e-09,3.8723951481830425e-09,-2.559063838447957e-08,2.3119350847163757e-08,,6.346985951703112e-08
1493,43200,0.0515,1.6991099999999893e-08,1.0786550000000043e-08,9.991200000000025e-08,-7.071034717528976e-10,,-3.9180242671487195e-10,9.934177159584728e-09,4.502569911012233e-09,-2.9483118925416305e-08,2.6218173687831724e-08,,7.003707864786907e-08
1494,43200,0.0525,1.8855900000000008e-08,1.0232950000000028e-08,1.1040999999999989e-07,-7.713626139055311e-10,,-4.253145841602553e-10,1.1234347952216583e-08,5.168322310633569e-09,-3.335869064545471e-08,2.931888533831106e-08,,7.662599477038493e-08
1495,43200,0.0535,2.0657700000000062e-08,9.627449999999966e-09,1.2072699999999994e-07,-8.274916717262872e-10,,-4.535668675791815e-10,1.2489800327644185e-08,5.8670938524113504e-09,-3.711180057054437e-08,3.232000865591796e-08,,8.316163256187638e-08
1496,43200,0.0545,2.2371299999999952e-08,8.970050000000028e-09,1.305010000000001e-07,-8.767787058285153e-10,,-4.848989857858823e-10,1.366165989085678e-08,6.596133980392016e-09,-4.063007531421656e-08,3.5156181185028215e-08,,8.938602569999765e-08
1497,43200,0.0555,2.393370000000005e-08,8.278049999999996e-09,1.3918899999999994e-07,-9.131935219506132e-10,,-5.011332928208605e-10,1.4716553499991504e-08,7.3552464571779585e-09,-4.3820728487367894e-08,3.7737059978040944e-08,,9.486713821981117e-08
1498,43200,0.0565,2.5300799999999912e-08,7.534149999999972e-09,1.4697199999999987e-07,-9.385590731074887e-10,,-5.190279403611508e-10,1.5611347400011592e-08,8.139142440077764e-09,-4.6555301795834215e-08,3.9973588326904014e-08,,9.98976702638045e-08
1499,43200,0.0575,2.6422200000000057e-08,6.747000000000025e-09,1.53307e-07,-9.503694782998637e-10,,-5.224496637586046e-10,1.632037431337791e-08,8.949474623949713e-09,-4.876043893523e-08,4.17922048350781e-08,,1.040241114010114e-07
1500,43200,0.0585,2.7266399999999993e-08,5.933899999999992e-09,1.578319999999999e-07,-9.470343902414316e-10,,-5.232454371639542e-10,1.68146962369956e-08,9.78349794515899e-09,-5.035700720955844e-08,4.313406184675416e-08,,1.0695174735327751e-07
1501,43200,0.0595,2.7808199999999974e-08,5.086199999999984e-09,1.6090900000000037e-07,-9.296240716355598e-10,,-5.114124166823264e-10,1.707423602840921e-08,1.0639732148479853e-08,-5.128043169071625e-08,4.395281195677362e-08,,1.091171558926018e-07
1502,43200,0.0605,2.8016100000000003e-08,4.195249999999994e-09,1.6199499999999983e-07,-8.964550420553641e-10,,-4.947025191820537e-10,1.7094168924760077e-08,1.1521179792788867e-08,-5.151825681038663e-08,4.421381388270472e-08,,1.0998204067043115e-07
1503,43200,0.0615,2.7902699999999995e-08,3.312950000000012e-09,1.6090899999999995e-07,-8.528851611521839e-10,,-4.737194964983823e-10,1.685737607567714e-08,1.2415733260070944e-08,-5.102825945300747e-08,4.3907190914524954e-08,,1.0940702105049409e-07
1504,43200,0.0625,2.7449099999999995e-08,2.3873999999999866e-09,1.5823020000000007e-07,-7.982765361417902e-10,,-4.4193224304887203e-10,1.6379596167645038e-08,1.332637716671512e-08,-4.9845803287014807e-08,4.3030419631503243e-08,,1.079424644699364e-07
1505,43200,0.0635,2.6686800000000005e-08,1.4532000000000127e-09,1.5366899999999994e-07,-7.343221281245582e-10,,-4.0864173919426776e-10,1.567665108303423e-08,1.424910759867895e-08,-4.801842324350595e-08,4.1629128954909677e-08,,1.0524193501729971e-07
1506,43200,0.0645,2.5641000000000008e-08,5.276499999999875e-10,1.4744259999999996e-07,-6.6320857970845e-10,,-3.7263097683854336e-10,1.4774219122339994e-08,1.5179427086545952e-08,-4.562029529841251e-08,3.975201054263155e-08,,1.0144967372474892e-07
1507,43200,0.0655,2.4349500000000012e-08,-3.9789999999997776e-10,1.3982250000000009e-07,-5.899393123163375e-10,,-3.3354637884714536e-10,1.3693379519472352e-08,1.609867718953921e-08,-4.270751772934904e-08,3.745294020715603e-08,,9.678143589180392e-08
1508,43200,0.0665,2.2850099999999998e-08,-1.3061499999999858e-09,1.310078e-07,-5.138732184038134e-10,,-2.9321060323471026e-10,1.2476718243414216e-08,1.699955487007396e-08,-3.9401101713247196e-08,3.48129450250104e-08,,9.131348768351808e-08
1509,43200,0.0675,2.1186899999999998e-08,-2.1452000000000447e-09,1.2130619999999995e-07,-4.4072967660267985e-10,,-2.54440347183372e-10,1.1149905165341412e-08,1.7839460040037622e-08,-3.5764174712775477e-08,3.189607548873873e-08,,8.52875849400411e-08
1510,43200,0.0685,1.941660000000001e-08,-2.9236999999999828e-09,1.1095300000000003e-07,-3.7039474721612113e-10,,-2.179977893573064e-10,9.770612142306019e-09,1.8612201205799326e-08,-3.196321302200981e-08,2.8816817395089906e-08,,7.87717891886329e-08
1511,43200,0.0695,1.7583299999999992e-08,-3.5464999999999455e-09,1.0029209999999992e-07,-3.047514162596098e-10,,-1.8350698573753807e-10,8.357445724734786e-09,1.9228987913065034e-08,-2.8032165014626812e-08,2.563599430847517e-08,,7.207642799963557e-08
1512,43200,0.0705,1.5731100000000002e-08,-3.996300000000035e-09,8.955879999999994e-08,-2.4514202141830704e-10,,-1.5176145958023419e-10,6.968702886010577e-09,1.9662227081309982e-08,-2.4132735263931747e-08,2.2454660864592273e-08,,6.527430327648796e-08
1513,43200,0.0715,1.3897799999999987e-08,-4.143350000000002e-09,7.898840000000007e-08,-1.9297410975365087e-10,,-1.2460225410768e-10,5.620100565971422e-09,1.975975134960831e-08,-2.0278685510643994e-08,1.9324926456217758e-08,,5.8585112235248394e-08
1514,43200,0.0725,1.2119940000000001e-08,-3.892499999999992e-09,6.883430000000001e-08,-1.478437600448344e-10,,-9.99718996564742e-11,4.358233249051799e-09,1.9425928286377497e-08,-1.6583204227203243e-08,1.6330329489006967e-08,,5.215112387314029e-08
1515,43200,0.0735,1.0417680000000002e-08,-3.0621000000000612e-09,5.920509999999997e-08,-1.0984886178100657e-10,,-7.968420953248466e-11,3.2148925372866594e-09,1.8506956874045348e-08,-1.3106863277964917e-08,1.3522723675505654e-08,,4.601855251250257e-08
1516,43200,0.0745,8.80866e-09,-1.4791499999999787e-09,5.031799999999998e-08,-7.891491815277731e-11,,-6.239912706842621e-11,2.211889120023019e-09,1.6781760669359707e-08,-9.86393024989968e-09,1.0941634201870241e-08,,4.039167062303188e-08
1517,43200,0.0755,7.302959999999999e-09,1.0985500000000183e-09,4.219109999999999e-08,-5.4407111835315813e-11,,-4.829644136559342e-11,1.3769413925587558e-09,1.407788257662753e-08,-6.8997743929733685e-09,8.625494280723439e-09,,3.524302916566103e-08
1518,43200,0.0765,5.905620000000002e-09,4.818049999999956e-09,3.494024000000003e-08,-3.5805397518918066e-11,,-3.668776681212725e-11,7.312938333905505e-10,1.0322285714136295e-08,-4.259520631979356e-09,6.601108435871634e-09,,3.064403160120855e-08
1519,43200,0.0775,4.627979999999999e-09,9.679350000000077e-09,2.8616100000000005e-08,-2.2308297146536487e-11,,-2.79369734897365e-11,2.7808194982055303e-10,5.5628648816640245e-09,-1.9621956643275528e-09,4.883753652674015e-09,,2.6625967362182714e-08
1520,43200,0.0785,3.484530000000001e-09,1.535374999999999e-08,2.3234970000000003e-08,-1.3040138996426772e-11,,-2.0455120755901028e-11,3.760623632918233e-12,1.0960531499592784e-10,-3.3723537198013934e-11,3.4752504846364925e-09,,2.318079134204609e-08
1521,43200,0.0795,2.5006589999999996e-09,2.1114649999999985e-08,1.878779999999999e-08,-7.175525057981602e-12,,-1.5237192298403792e-11,-1.231487201922439e-10,-5.38041135500653e-09,1.4788348521358854e-09,2.3703347547497744e-09,,2.0251397659837473e-08
1522,43200,0.0805,1.7006850000000003e-09,2.607974999999997e-08,1.5229339999999996e-08,-3.707791230545584e-12,,-1.1098557790981748e-11,-1.5222836079168028e-10,-1.0259530836568541e-08,2.582472648973653e-09,1.5447488479777745e-09,,1.7800714091182667e-08
1523,43200,0.0815,1.0931759999999995e-09,2.949650000000003e-08,1.2454610000000008e-08,-1.8186446250885552e-12,,-8.024534100435771e-12,-1.3069280642463306e-10,-1.3972621124179266e-08,3.296695170124442e-09,9.606645489502779e-10,,1.5743280636024014e-08
1524,43200,0.0825,6.652170000000002e-10,3.1105399999999955e-08,1.0329669999999993e-08,-8.680588034003285e-13,,-6.028670891005554e-12,-9.351422089097361e-11,-1.6288758636075888e-08,3.6738703278736196e-09,5.708347203056263e-10,,1.3997511656982607e-08
1525,43200,0.0835,3.8489849999999997e-10,3.1053500000000054e-08,8.70972e-09,-4.0346664327438834e-13,,-4.4469851300359695e-12,-5.933217610197028e-11,-1.726434510260036e-08,3.779191314814692e-09,3.251628572547553e-10,,1.2484464329684657e-08
1526,43200,0.0845,2.1307229999999998e-10,2.979059999999999e-08,7.459009999999999e-09,-1.8581705308606072e-13,,-3.4841089120436943e-12,-3.460704359094617e-11,-1.7218879386923957e-08,3.6980734230552302e-09,1.7827943935596774e-10,,1.1153599314143185e-08
1527,43200,0.0855,1.135071e-10,2.7775149999999987e-08,6.465319999999997e-09,-8.44990461413508e-14,,-2.7634410127643977e-12,-1.8939410283573844e-11,-1.6466981296767967e-08,3.4952348082700434e-09,9.448319067028479e-11,,9.957791367257277e-09
1528,43200,0.0865,5.848416e-11,2.5405049999999988e-08,5.650819999999999e-09,-3.829296043652982e-14,,-2.1703965203914146e-12,-9.871911373343262e-12,-1.5304165862577493e-08,3.22565415125776e-09,4.8573955666220205e-11,,8.874303754737368e-09
1529,43200,0.0875,2.926854e-11,2.2922499999999996e-08,4.964830000000004e-09,-1.707643143715755e-14,,-1.7792203252707077e-12,-4.947190094018134e-12,-1.3938521015628646e-08,2.9254819979731287e-09,2.4304273474544707e-11,,7.888532777647861e-09
1530,43200,0.0885,1.426572e-11,2.0474550000000022e-08,4.367529999999997e-09,-7.520092965780604e-15,,-1.408851435166768e-12,-2.4012074437762314e-12,-1.2521257070038067e-08,2.621272202838838e-09,1.1856992463257988e-11,,6.987393351403668e-09
1531,43200,0.0895,6.786485999999998e-12,1.816499999999999e-08,3.837200000000003e-09,-3.229734340639268e-15,,-1.1747067287671696e-12,-1.1336379606316737e-12,-1.1133946737813932e-08,2.3274265740411875e-09,5.649618305027685e-12,,6.163451867312423e-09
1532,43200,0.0905,3.155103e-12,1.6002499999999994e-08,3.3684099999999962e-09,-1.3756886821249778e-15,,-9.446757635044608e-13,-5.221273688460189e-13,-9.825254393941217e-09,2.051481848145934e-09,2.631599942471856e-12,,5.418947172382426e-09
1533,43200,0.0915,1.4349509999999998e-12,1.403721999999999e-08,2.9457750000000006e-09,-5.678079274266347e-16,,-7.538463387029915e-13,-2.350172952517187e-13,-8.615331752998378e-09,1.7972962026404331e-09,1.1993658968208545e-12,,4.7423173563017305e-09
1534,43200,0.0925,6.388137e-13,1.2250130000000009e-08,2.567304e-09,-2.309957484336685e-16,,-6.186065068812962e-13,-1.0352149719807857e-13,-7.51416820592037e-09,1.5663143594956381e-09,5.350612070534878e-13,,4.132999752988757e-09
1535,43200,0.0935,2.785482000000001e-13,1.0642960000000004e-08,2.2290149999999982e-09,-9.186069138206998e-17,,-4.86381277311846e-13,-4.4652908823436866e-14,-6.521585629004116e-09,1.3582552093455843e-09,2.3380343048518114e-13,,3.5867838280682704e-09
1536,43200,0.0945,1.1900069999999997e-13,9.206194999999997e-09,1.9272880000000005e-09,-3.570511610120793e-17,,-3.9450871114507903e-13,-1.886944553607258e-14,-5.63370489409941e-09,1.1722199386338772e-09,1.0009554934782618e-13,,3.0991134299227325e-09
1537,43200,0.0955,4.9820399999999994e-14,7.929454999999994e-09,1.6597700000000004e-09,-1.3564060778246211e-17,,-3.050003346335331e-13,-7.820567908344898e-15,-4.847532622446013e-09,1.0075027342108726e-09,4.198626803087685e-14,,2.6669677338762395e-09
1538,43200,0.0965,2.0451690000000002e-14,6.79890000000001e-09,1.4233839999999991e-09,-5.0345005368085875e-18,,-2.331220935827874e-13,-3.176672656481513e-15,-4.1512419309009824e-09,8.615740581599508e-10,1.726998284298168e-14,,2.284724936066367e-09
1539,43200,0.0975,8.233406999999999e-15,5.805879999999994e-09,1.2155960000000002e-09,-1.8481134963278692e-18,,-1.85142224514655e-13,-1.2654991664886538e-15,-3.53963532937333e-09,7.333642591755424e-10,6.966059720015017e-15,,1.9487751169510277e-09
1540,43200,0.0985,3.2513670000000004e-15,4.936555000000003e-09,1.0336910000000011e-09,-6.546848146239231e-19,,-1.4610124577523292e-13,-4.949395483284987e-16,-3.007399855537575e-09,6.217568213747395e-10,2.7557727668568777e-15,,1.6553017201289654e-09
1541,43200,0.0995,1.26e-15,4.1796799999999965e-09,8.753159999999996e-10,-2.2960950553780014e-19,,-1.0816290682265397e-13,-1.8978908877166997e-16,-2.5422642175415978e-09,5.241962324240672e-10,1.0699813017227922e-15,,1.3994040695172442e-09
1542,43200,0.1005,4.792788000000001e-16,3.523145e-09,7.382989999999997e-10,-7.870707047276997e-20,,-8.91396468338184e-14,-7.15005216114012e-17,-2.1420283376902354e-09,4.4016399275102704e-10,4.076995713181261e-16,,1.1783738531041929e-09
1543,43200,0.1015,1.7902709999999995e-16,2.9565699999999994e-09,6.201060000000003e-10,-2.6803354393698217e-20,,-6.025426862326495e-14,-2.644193149217955e-17,-1.7970253241421656e-09,3.676449140660486e-10,1.525583651534267e-16,,9.876906597974257e-10
1544,43200,0.1025,6.569199000000001e-17,2.4713049999999986e-09,5.187459999999999e-10,-8.616877979080185e-21,,-4.925228219784931e-14,-9.60104680629397e-18,-1.500938154336345e-09,3.0534169418860815e-10,5.608232631572696e-17,,8.240384419064102e-10
1545,43200,0.1035,2.3689259999999997e-17,2.0552400000000013e-09,4.322279999999999e-10,-2.8603245732231944e-21,,-3.7223511919601685e-14,-3.4261123276726033e-18,-1.249085037461874e-09,2.522233668709247e-10,2.026028734775417e-17,,6.844141433590051e-10
1546,43200,0.1045,8.400168e-18,1.7020605000000006e-09,3.586877e-10,-8.928087239942242e-22,,-2.7841990300885874e-14,-1.2006698895514376e-18,-1.034603201435053e-09,2.0689006136532414e-10,7.198605301724568e-18,,5.655499193750233e-10
1547,43200,0.1055,2.93076e-18,1.4025109999999994e-09,2.966047e-10,-2.7802000893553714e-22,,-1.871090720021527e-14,-4.138832529871993e-19,-8.540180184765487e-10,1.6857742177477847e-10,2.5165987270038653e-18,,4.651634108675782e-10
1548,43200,0.1065,1.0068974999999999e-18,1.149585e-09,2.4440430000000013e-10,-8.687744780615171e-23,,-1.5011099900477982e-14,-1.4018779877642195e-19,-7.015443649062971e-10,1.360819882798276e-10,8.666228237757719e-19,,3.8047127717992725e-10
1549,43200,0.1075,3.4100009999999994e-19,9.367085e-10,2.0071089999999997e-10,-2.5930969908058963e-23,,-9.578548316757791e-15,-4.6709582052317334e-20,-5.738890957282578e-10,1.0870842290390368e-10,2.9426458697777453e-19,,3.094097443555869e-10
1550,43200,0.1085,1.1399661e-19,7.581724999999999e-10,1.6432989999999996e-10,-7.565904873340027e-24,,-7.58901835006489e-15,-1.5303396930039802e-20,-4.670379868179628e-10,8.56393762649414e-11,9.868564716508684e-20,,2.499616872465913e-10
1551,43200,0.1095,3.768849e-20,6.087869999999998e-10,1.3419339999999998e-10,-2.2361863432557283e-24,,-5.218961399880521e-15,-4.93513656631309e-21,-3.7822114268561807e-10,6.631756772217637e-11,3.2751117247343657e-20,,2.0050574876077648e-10
1552,43200,0.1105,1.2354615000000001e-20,4.841405000000001e-10,1.092335e-10,-6.253260662747594e-25,,-3.4817643018390584e-15,-1.5650028249868763e-21,-3.042371338943246e-10,5.016217042329171e-11,1.078898684894685e-20,,1.5939218865898988e-10
1553,43200,0.1115,4.028787e-21,3.805134999999999e-10,8.863569999999998e-11,-1.7878107516028977e-25,,-2.6771970886604715e-15,-4.883971794685735e-22,-2.43004813363666e-10,3.683294831061356e-11,3.540211039456266e-21,,1.2546597111352487e-10
1554,43200,0.1125,1.312605e-21,2.9487849999999996e-10,7.153119999999999e-11,-5.039094569199153e-26,,-1.351972466086641e-15,-1.497852697058229e-22,-1.9226393100643008e-10,2.6017784216170623e-11,1.1627693393484852e-21,,9.754763224370454e-11
1555,43200,0.1135,4.2933239999999995e-22,2.2472699999999993e-10,5.7259350000000004e-11,-1.3964469595428818e-26,,-1.005535132035942e-15,-4.517748791369479e-23,-1.5062614918025488e-10,1.7548705300468943e-11,3.8414094761670974e-22,,7.480704976533691e-11
1556,43200,0.1145,1.417437e-22,1.6850199999999998e-10,4.532059e-11,-4.084328467773195e-27,,-5.485112390573128e-16,-1.337888605218251e-23,-1.165496055532123e-10,1.1199023301071256e-11,1.2836072961934972e-22,,5.6519064789832204e-11
1557,43200,0.1155,4.7445300000000007e-23,1.2438700000000005e-10,3.536197000000001e-11,-9.698111707219907e-28,,-2.587125409474589e-16,-3.8988425247368995e-24,-8.922862079826768e-11,6.731544832924388e-12,4.3545487664092383e-23,,4.2093256120383445e-11
1558,43200,0.1165,1.61469e-23,9.091149999999992e-11,2.726402999999999e-11,-2.6260189329714548e-28,,-1.7624880579621319e-16,-1.1218810611746867e-24,-6.783099563297544e-11,3.790123110861839e-12,1.5024756336932014e-23,,3.1053976862056033e-11
1559,43200,0.1175,5.5987469999999994e-24,6.669150000000004e-11,2.0996e-11,-7.896615135171971e-29,,-1.1274530304629408e-16,-3.210201047453997e-25,-5.178407365159741e-11,1.9774318107351e-12,5.277647929103248e-24,,2.2973319065432054e-11
1560,43200,0.1185,1.9952729999999996e-24,5.051599999999998e-11,1.657055e-11,-1.7930385918547682e-29,,-3.13143245406452e-17,-9.065737990495917e-26,-4.071274386703852e-11,9.107346902635514e-13,1.904597689709122e-24,,1.7481253375939013e-11
1561,43200,0.1195,7.841295000000001e-25,4.134700000000004e-11,1.4060442e-11,-4.288982552732848e-30,,-1.0052451766643379e-17,-1.9051139665132715e-26,-3.416819412755483e-11,2.568389774699301e-13,7.650740713523147e-25,,1.4317270925018163e-11
